Название,Автор,Цена,Издательство,ID товара,ID элемента,Ссылка,Страница выдачи
Пирсинг,Мураками Р.,827 ₽,РИПОЛ классик,2797992,1252218,/catalog/book/1252218/,2185
"Что, если это мы","Алберталли Б., Сильвера А.",670 ₽,Popcorn Books,2798570,1252199,/catalog/book/1252199/,2185
Мифы и легенды Средневековья,Баринг-Гоулд С.,1038 ₽,Центрполиграф,2797729,1251996,/catalog/book/1251996/,2185
Последняя любовь: Вечный запах флоксов. Испытание медными трубами (комплект из 2 книг),Метлицкая М.,425 ₽,Эксмо,2797478,1251964,/catalog/book/1251964/,2185
Легендарные богини. 50 вдохновляющих уроков от женщин в мифологии,Шэнь Э.,875 ₽,Бомбора,2797479,1251963,/catalog/book/1251963/,2185
Максим и Федор,Шинкарев В.,1286 ₽,Пальмира,2797691,1251917,/catalog/book/1251917/,2185
Жизнеописания наиболее знаменитых зодчих Флоренции,Вазари Дж.,1174 ₽,Пальмира,2797698,1251910,/catalog/book/1251910/,2185
Жизнеописания наиболее знаменитых ваятелей Флоренции,Вазари Дж.,829 ₽,Пальмира,2797702,1251906,/catalog/book/1251906/,2185
"Аэлита. Роман, повести и рассказы",Толстой А.,2300 ₽,Престиж Бук,2797166,1251848,/catalog/book/1251848/,2185
Дюна: Орден сестер,"Герберт Б., Андерсон К.",825 ₽,АСТ,2797410,1251831,/catalog/book/1251831/,2185
Хладные легионы,Морган Р.,875 ₽,АСТ,2797420,1251821,/catalog/book/1251821/,2185
Унесенные ветром. Том 1,Митчелл М.,324 ₽,АСТ,2797421,1251820,/catalog/book/1251820/,2185
"Тетралогия «Мыслитель»: Девятое Термидора. Чертов мост. Заговор. Святая Елена, маленький остров. Полное издание в одном томе",Алданов М.,720 ₽,Альфа - книга,2797440,1251806,/catalog/book/1251806/,2185
Иван Шмелев. Полное собрание романов в одном томе,Шмелев И.,1062 ₽,Альфа - книга,2797441,1251805,/catalog/book/1251805/,2185
"Жангада, или 800 лье по Амазонке",Верн Ж.,615 ₽,Альфа - книга,2797442,1251804,/catalog/book/1251804/,2185
Неведение отца Брауна. Мудрость отца Брауна,Честертон Г.,622 ₽,Альфа - книга,2797443,1251803,/catalog/book/1251803/,2185
Юные жены,Олкотт Л.,350 ₽,Азбука,2797472,1251791,/catalog/book/1251791/,2185
Берсерк. Том 2,Миура К.,1615 ₽,ЭксЭл Медиа,2797882,1251779,/catalog/book/1251779/,2185
Имя рек. 40 причин поспорить о главном,Прилепин З.,825 ₽,АСТ,2797750,1251640,/catalog/book/1251640/,2185
Дожить до весны,Павлищева Н.,334 ₽,Яуза-Каталог,2797255,1251501,/catalog/book/1251501/,2185
"Там, где нет места злу",Грэм К.,982 ₽,Пушкинский Фонд СПб,2797486,1251474,/catalog/book/1251474/,2185
Еще темнее,Джеймс Э.,425 ₽,Эксмо,2796399,1251388,/catalog/book/1251388/,2185
Варис. Которая не умела любить (Цветок пустыни),"Дирие В., Миллер К.",495 ₽,Бомбора,2796401,1251387,/catalog/book/1251387/,2185
Джаннетт. Которая всех разочаровала (Замок из стекла),Уоллс Дж.,261 ₽,Бомбора,2796402,1251386,/catalog/book/1251386/,2185
Доктор Стрэндж. Том 4. Мистер Страдание,Аарон Дж.,568 ₽,Комильфо,2796765,1251369,/catalog/book/1251369/,2186
Росомаха. Старик Логан. Золотая коллекция Marvel,Миллар М.,1695 ₽,Комильфо,2796772,1251366,/catalog/book/1251366/,2186
Автопортрет с устрицей в кармане,Шмараков Р.,575 ₽,Эксмо,2796904,1251332,/catalog/book/1251332/,2186
Мистер Денежный Мешок,"Киланд В., Уорд П.",499 ₽,Эксмо,2796905,1251331,/catalog/book/1251331/,2186
Унесенные ветром (комплект из 2 книг),Митчелл М.,1045 ₽,Эксмо,2797097,1251318,/catalog/book/1251318/,2186
Хороший день для кенгуру,Мураками Х.,298 ₽,Эксмо,2796767,1251127,/catalog/book/1251127/,2186
Полутона,Боуэн С.,77 ₽,Like Book,2796771,1251125,/catalog/book/1251125/,2186
Три первые книги стихов. Три последние книги стихов (комплект из 2 книг),Бродский И.,3082 ₽,Лениздат,2796840,1251122,/catalog/book/1251122/,2186
Кандидат в Будды,Летов С.,1310 ₽,Пальмира,2796587,1251063,/catalog/book/1251063/,2186
Присяжный поверенный,Филатов Н.,705 ₽,Пальмира,2796599,1251051,/catalog/book/1251051/,2186
Гниющий чародей,Аполлинер Г.,665 ₽,Пальмира,2796602,1251048,/catalog/book/1251048/,2186
Обещание,Цвейг С.,965 ₽,Пальмира,2796607,1251043,/catalog/book/1251043/,2186
Семицветник,Бальмонт К.,621 ₽,T8Rugram,2796625,1251025,/catalog/book/1251025/,2186
Александр Беляев: Собрание сочинений. В восьми томах. Том 1: Остров Погибших Кораблей. Голова профессора Доуэля,Беляев А.,804 ₽,Пальмира,2796628,1251022,/catalog/book/1251022/,2186
"Александр Беляев: Собрание сочинений. В восьми томах. Том 4: Властелин мира. Вечный хлеб. Человек, потерявший лицо",Беляев А.,875 ₽,Пальмира,2796631,1251019,/catalog/book/1251019/,2186
Александр Беляев: Собрание сочинений. В восьми томах. Том 5: Прыжок в ничто. Воздушный корабль,Беляев А.,903 ₽,Пальмира,2796632,1251018,/catalog/book/1251018/,2186
Полторы комнаты,Бродский И.,1416 ₽,Лениздат,2796842,1251002,/catalog/book/1251002/,2186
Майк Олдфилд в кресле-качалке. Записки отца Тилля Линдеманна,Линдеманн В.,542 ₽,Бомбора,2777271,1250981,/catalog/book/1250981/,2186
Лестница. Плывун. Петербургские повести,Житинский А.,1454 ₽,Геликон Плюс СПб,2795846,1250915,/catalog/book/1250915/,2186
Краснознаменцы воздушного флота республики,"Конев В., Зиновьев Н.",1663 ₽,Русские Витязи,2796126,1250885,/catalog/book/1250885/,2186
Марина Цветаева. Сергей Эфрон. Любовь и трагедия,Эфрон А.,702 ₽,Родина,2796776,1250854,/catalog/book/1250854/,2186
Классика Marvel. Призрачный Гонщик,"Фридрих Г., Томас Р., Вульфмен М. и др.",1219 ₽,Комильфо,2796991,1250724,/catalog/book/1250724/,2186
Воины паутины,Коста М.,824 ₽,Комильфо,2796999,1250716,/catalog/book/1250716/,2186
Челюсти,Бенчли П.,566 ₽,Эксмо,2797004,1250711,/catalog/book/1250711/,2186
