Название,Автор,Издательство,Год издания,Цена,Цена со скидкой,ID товара,ID элемента,Ссылка,Страница выдачи
Бемби. Сказочная повесть,Зальтен Ф.,Махаон,2022,294,,2949861,2957741,https://www.chitai-gorod.ru/catalog/book/2957741/,1
Атлас удивительного человеческого тела,Коллинс Дж.,Попурри,2022,875,,2953716,2957640,https://www.chitai-gorod.ru/catalog/book/2957640/,1
Моя первая книга о планетах: Всё о Солнечной системе для детей,Беттс Б.,Попурри,2022,809,,2953717,2957639,https://www.chitai-gorod.ru/catalog/book/2957639/,1
Клуб друзей,Геррив С.,Самокат,2022,997,,2953904,2957634,https://www.chitai-gorod.ru/catalog/book/2957634/,1
Панда: дополни картинку. Многоразовые наклейки,Деньго Е.,Стрекоза,2022,281,,2954773,2957594,https://www.chitai-gorod.ru/catalog/book/2957594/,1
Полиция: дополни картинку. Многоразовые наклейки,Маврина Л.В.,Стрекоза,2022,281,,2954774,2957593,https://www.chitai-gorod.ru/catalog/book/2957593/,1
У врача: дополни картинку. Многоразовые наклейки,Маврина Л.В.,Стрекоза,2022,281,,2954775,2957592,https://www.chitai-gorod.ru/catalog/book/2957592/,1
Денискины рассказы,Драгунский В.Ю.,Стрекоза,2022,683,,2954776,2957591,https://www.chitai-gorod.ru/catalog/book/2957591/,1
"Рыжий, как солнышко",Коваль Т.,Стрекоза,2022,683,,2954777,2957590,https://www.chitai-gorod.ru/catalog/book/2957590/,1
Самое обычное чудо,Коваль Т.,Стрекоза,2022,683,,2954778,2957589,https://www.chitai-gorod.ru/catalog/book/2957589/,1
Ночь перед Рождеством,Гоголь Н.В.,Росмэн,2022,1169,,2954784,2957588,https://www.chitai-gorod.ru/catalog/book/2957588/,1
В лесу родилась ёлочка и другие стихи,"Заходер Б., Усачев А.А. и др.",Росмэн,2022,224,,2954785,2957587,https://www.chitai-gorod.ru/catalog/book/2957587/,1
Робинзон Крузо (ил. Ж. Гранвиля),Дефо Д.,Эксмо,2023,445,,2946307,2957548,https://www.chitai-gorod.ru/catalog/book/2957548/,1
Девочка из города. Повести (ил. В. Гальдяева),Воронкова Л.Ф.,Эксмо,2022,445,,2947139,2957537,https://www.chitai-gorod.ru/catalog/book/2957537/,1
Сказки дядюшки Римуса,Харрис Д.,Вита Нова,2022,2640,,2954011,2957449,https://www.chitai-gorod.ru/catalog/book/2957449/,1
Как братец кролик победил льва,Харрис Д.,Вита Нова,2022,2640,,2954012,2957448,https://www.chitai-gorod.ru/catalog/book/2957448/,1
Волшебная лавка,Уэллс Г.,БХВ-Петербург,2023,425,,2954391,2957442,https://www.chitai-gorod.ru/catalog/book/2957442/,1
Флин Райдер. Последний из тёмного королевства,Калонита Д.,Эксмо,2020,595,,2946005,2957304,https://www.chitai-gorod.ru/catalog/book/2957304/,1
Настоящие сказки Шарля Перро,Перро Ш.,Эксмо,2023,1595,,2952884,2957269,https://www.chitai-gorod.ru/catalog/book/2957269/,1
Еноты и ноты,Фёдорова К.Л.,У Никитских ворот,2022,960,,2953622,2957253,https://www.chitai-gorod.ru/catalog/book/2957253/,1
Конфетные поляны,Ординарцева-Тарасенко Е.,У Никитских ворот,2022,960,,2953634,2957244,https://www.chitai-gorod.ru/catalog/book/2957244/,1
Много дел у малыша!,Сон С.Л.,Энас-Книга,2022,487,,2953737,2957239,https://www.chitai-gorod.ru/catalog/book/2957239/,1
Папы учат малышей,Еремеев С.,Энас-Книга,2022,487,,2953738,2957238,https://www.chitai-gorod.ru/catalog/book/2957238/,1
Ботинки как с картинки. Истории от Котофея для детей. Книга с окошками,Марченкова А.,Альпина. Дети,2022,528,,2939233,2957211,https://www.chitai-gorod.ru/catalog/book/2957211/,1
